entry_ts,exit_ts,won,pnl,asset
1788348060,1788348960,true,0.8,BTCUSDT
1788348090,1788348990,true,0.8,BTCUSDT
1788348120,1788349020,true,0.8,BTCUSDT
1788348180,1788349080,true,0.8,BTCUSDT
1788348210,1788349110,true,0.8,BTCUSDT
1788361230,1788362130,false,-1.0,BTCUSDT
1788361260,1788362160,false,-1.0,BTCUSDT
1788361290,1788362190,false,-1.0,BTCUSDT
1788361350,1788362250,false,-1.0,BTCUSDT
1788361620,1788362520,false,-1.0,BTCUSDT
1788362130,1788363030,true,0.8,BTCUSDT
1788362160,1788363060,true,0.8,BTCUSDT
1788362190,1788363090,true,0.8,BTCUSDT
1788362250,1788363150,true,0.8,BTCUSDT
1788362520,1788363420,true,0.8,BTCUSDT
1788412980,1788413880,true,0.8,BTCUSDT
1788413010,1788413910,true,0.8,BTCUSDT
1788413040,1788413940,true,0.8,BTCUSDT
1788413070,1788413970,true,0.8,BTCUSDT
1788413100,1788414000,true,0.8,BTCUSDT
1788421920,1788422820,true,0.8,BTCUSDT
1788466890,1788467790,true,0.8,BTCUSDT
1788466980,1788467880,true,0.8,BTCUSDT
1788468300,1788469200,true,0.8,BTCUSDT
1788468330,1788469230,true,0.8,BTCUSDT
1788468360,1788469260,false,-1.0,BTCUSDT
1788468990,1788469890,false,-1.0,BTCUSDT
1788469020,1788469920,true,0.8,BTCUSDT
1788499800,1788500700,true,0.8,BTCUSDT
1788499830,1788500730,true,0.8,BTCUSDT
1788499860,1788500760,true,0.8,BTCUSDT
1788499890,1788500790,true,0.8,BTCUSDT
1788499920,1788500820,true,0.8,BTCUSDT
1788534000,1788534900,true,0.8,BTCUSDT
1788534030,1788534930,true,0.8,BTCUSDT
1788534060,1788534960,true,0.8,BTCUSDT
1788534090,1788534990,true,0.8,BTCUSDT
1788534120,1788535020,true,0.8,BTCUSDT
1788534900,1788535800,true,0.8,BTCUSDT
1788534930,1788535830,true,0.8,BTCUSDT
1788534960,1788535860,true,0.8,BTCUSDT
1788707070,1788707970,true,0.8,BTCUSDT
1788707100,1788708000,true,0.8,BTCUSDT
1788707130,1788708030,true,0.8,BTCUSDT
1788707160,1788708060,true,0.8,BTCUSDT
1788707190,1788708090,true,0.8,BTCUSDT
1788766020,1788766920,false,-1.0,BTCUSDT
1788766050,1788766950,false,-1.0,BTCUSDT
1788766080,1788766980,false,-1.0,BTCUSDT
1788766110,1788767010,false,-1.0,BTCUSDT
1788766140,1788767040,false,-1.0,BTCUSDT
1788766920,1788767820,true,0.8,BTCUSDT
1788766950,1788767850,true,0.8,BTCUSDT
1788766980,1788767880,true,0.8,BTCUSDT
1788767010,1788767910,true,0.8,BTCUSDT
1788767040,1788767940,true,0.8,BTCUSDT
1788795300,1788796200,false,-1.0,BTCUSDT
1788795360,1788796260,true,0.8,BTCUSDT
1788795390,1788796290,true,0.8,BTCUSDT
1788795420,1788796320,true,0.8,BTCUSDT
1788795450,1788796350,true,0.8,BTCUSDT
1788796200,1788797100,true,0.8,BTCUSDT
1788796260,1788797160,true,0.8,BTCUSDT
1788796290,1788797190,true,0.8,BTCUSDT
1788796320,1788797220,false,-1.0,BTCUSDT
1788796350,1788797250,true,0.8,BTCUSDT
1788843690,1788844590,true,0.8,BTCUSDT
1788843840,1788844740,true,0.8,BTCUSDT
1788843870,1788844770,true,0.8,BTCUSDT
1788843900,1788844800,true,0.8,BTCUSDT
1788843930,1788844830,true,0.8,BTCUSDT
1788846300,1788847200,false,-1.0,BTCUSDT
1788850800,1788851700,true,0.8,BTCUSDT
1788850830,1788851730,true,0.8,BTCUSDT
1788850860,1788851760,true,0.8,BTCUSDT
1788850890,1788851790,true,0.8,BTCUSDT
1788850950,1788851850,true,0.8,BTCUSDT
1788951750,1788952650,true,0.8,BTCUSDT
1788951780,1788952680,true,0.8,BTCUSDT
1788951810,1788952710,true,0.8,BTCUSDT
1788951840,1788952740,true,0.8,BTCUSDT
1788951870,1788952770,true,0.8,BTCUSDT
1788966150,1788967050,false,-1.0,BTCUSDT
1788966180,1788967080,false,-1.0,BTCUSDT
1788966240,1788967140,false,-1.0,BTCUSDT
1788966270,1788967170,false,-1.0,BTCUSDT
1788966300,1788967200,false,-1.0,BTCUSDT
1788967050,1788967950,false,-1.0,BTCUSDT
1788967080,1788967980,false,-1.0,BTCUSDT
1788967140,1788968040,true,0.8,BTCUSDT
1788967170,1788968070,true,0.8,BTCUSDT
1788967200,1788968100,true,0.8,BTCUSDT
1788967950,1788968850,true,0.8,BTCUSDT
1788967980,1788968880,true,0.8,BTCUSDT
1788968040,1788968940,true,0.8,BTCUSDT
1788968070,1788968970,true,0.8,BTCUSDT
1788968100,1788969000,true,0.8,BTCUSDT
1788968850,1788969750,true,0.8,BTCUSDT
1788968880,1788969780,true,0.8,BTCUSDT
1788968940,1788969840,true,0.8,BTCUSDT
1788968970,1788969870,true,0.8,BTCUSDT
1788969000,1788969900,true,0.8,BTCUSDT
1788984000,1788984900,true,0.8,BTCUSDT
1788984030,1788984930,true,0.8,BTCUSDT
1788984060,1788984960,true,0.8,BTCUSDT
1788984090,1788984990,false,-1.0,BTCUSDT
1788984120,1788985020,true,0.8,BTCUSDT
1788985470,1788986370,true,0.8,BTCUSDT
1788985500,1788986400,true,0.8,BTCUSDT
1788985530,1788986430,true,0.8,BTCUSDT
1788985560,1788986460,true,0.8,BTCUSDT
1788985590,1788986490,true,0.8,BTCUSDT
1789024170,1789025070,false,-1.0,BTCUSDT
1789038120,1789039020,true,0.8,BTCUSDT
1789038150,1789039050,true,0.8,BTCUSDT
1789038180,1789039080,true,0.8,BTCUSDT
1789038210,1789039110,true,0.8,BTCUSDT
1789038240,1789039140,true,0.8,BTCUSDT
1789041390,1789042290,false,-1.0,BTCUSDT
1789053900,1789054800,true,0.8,BTCUSDT
1789053930,1789054830,true,0.8,BTCUSDT
1789053990,1789054890,true,0.8,BTCUSDT
1789054020,1789054920,true,0.8,BTCUSDT
1789054050,1789054950,true,0.8,BTCUSDT
1789055160,1789056060,true,0.8,BTCUSDT
1789055190,1789056090,true,0.8,BTCUSDT
1789055220,1789056120,true,0.8,BTCUSDT
1789055280,1789056180,false,-1.0,BTCUSDT
1789055310,1789056210,false,-1.0,BTCUSDT
1789125180,1789126080,true,0.8,BTCUSDT
1789125210,1789126110,true,0.8,BTCUSDT
1789125240,1789126140,true,0.8,BTCUSDT
1789125270,1789126170,true,0.8,BTCUSDT
1789125300,1789126200,true,0.8,BTCUSDT
1789138800,1789139700,false,-1.0,BTCUSDT
1789138830,1789139730,false,-1.0,BTCUSDT
1789138860,1789139760,false,-1.0,BTCUSDT
1789138890,1789139790,true,0.8,BTCUSDT
1789138920,1789139820,true,0.8,BTCUSDT
1789139700,1789140600,true,0.8,BTCUSDT
1789139730,1789140630,true,0.8,BTCUSDT
1789139760,1789140660,true,0.8,BTCUSDT
1789139790,1789140690,true,0.8,BTCUSDT
1789139820,1789140720,true,0.8,BTCUSDT
1789140600,1789141500,false,-1.0,BTCUSDT
1789140630,1789141530,false,-1.0,BTCUSDT
1789140660,1789141560,false,-1.0,BTCUSDT
1789140690,1789141590,false,-1.0,BTCUSDT
1789140720,1789141620,false,-1.0,BTCUSDT
1789141860,1789142760,false,-1.0,BTCUSDT
1789141890,1789142790,false,-1.0,BTCUSDT
1789141920,1789142820,true,0.8,BTCUSDT
1789141950,1789142850,false,-1.0,BTCUSDT
1789141980,1789142880,false,-1.0,BTCUSDT
1789297680,1789298580,true,0.8,BTCUSDT
1789297710,1789298610,true,0.8,BTCUSDT
1789297740,1789298640,true,0.8,BTCUSDT
1789297770,1789298670,true,0.8,BTCUSDT
1789297800,1789298700,true,0.8,BTCUSDT
1789369620,1789370520,true,0.8,BTCUSDT
1789369680,1789370580,true,0.8,BTCUSDT
1789369710,1789370610,true,0.8,BTCUSDT
1789383870,1789384770,false,-1.0,BTCUSDT
1789383900,1789384800,false,-1.0,BTCUSDT
1789383930,1789384830,true,0.8,BTCUSDT
1789383990,1789384890,true,0.8,BTCUSDT
1789384020,1789384920,true,0.8,BTCUSDT
1789385610,1789386510,true,0.8,BTCUSDT
1789385640,1789386540,true,0.8,BTCUSDT
1789385670,1789386570,true,0.8,BTCUSDT
1789385700,1789386600,true,0.8,BTCUSDT
1789385730,1789386630,true,0.8,BTCUSDT
1789399860,1789400760,true,0.8,BTCUSDT
1789399890,1789400790,true,0.8,BTCUSDT
1789399920,1789400820,false,-1.0,BTCUSDT
1789399950,1789400850,false,-1.0,BTCUSDT
1789399980,1789400880,false,-1.0,BTCUSDT
1789449180,1789450080,true,0.8,BTCUSDT
1789449210,1789450110,true,0.8,BTCUSDT
1789449240,1789450140,true,0.8,BTCUSDT
1789449270,1789450170,true,0.8,BTCUSDT
1789449300,1789450200,true,0.8,BTCUSDT
1789456380,1789457280,true,0.8,BTCUSDT
1789456410,1789457310,true,0.8,BTCUSDT
1789456440,1789457340,true,0.8,BTCUSDT
1789456470,1789457370,true,0.8,BTCUSDT
1789456500,1789457400,true,0.8,BTCUSDT
1789457730,1789458630,false,-1.0,BTCUSDT
1789457760,1789458660,false,-1.0,BTCUSDT
1789457790,1789458690,false,-1.0,BTCUSDT
1789457820,1789458720,false,-1.0,BTCUSDT
1789457850,1789458750,false,-1.0,BTCUSDT
1789484400,1789485300,true,0.8,BTCUSDT
1789484430,1789485330,true,0.8,BTCUSDT
1789484460,1789485360,true,0.8,BTCUSDT
1789484490,1789485390,true,0.8,BTCUSDT
1789484520,1789485420,true,0.8,BTCUSDT
1789485300,1789486200,true,0.8,BTCUSDT
1789485330,1789486230,true,0.8,BTCUSDT
1789485360,1789486260,true,0.8,BTCUSDT
1789485390,1789486290,true,0.8,BTCUSDT
1789485420,1789486320,true,0.8,BTCUSDT
1789503420,1789504320,false,-1.0,BTCUSDT
1789503450,1789504350,false,-1.0,BTCUSDT
1789503480,1789504380,false,-1.0,BTCUSDT
1789503510,1789504410,false,-1.0,BTCUSDT
1789503540,1789504440,false,-1.0,BTCUSDT
1789504350,1789505250,true,0.8,BTCUSDT
1789504380,1789505280,true,0.8,BTCUSDT
1789504410,1789505310,true,0.8,BTCUSDT
1789504440,1789505340,true,0.8,BTCUSDT
1789504470,1789505370,true,0.8,BTCUSDT
1789505820,1789506720,false,-1.0,BTCUSDT
1789534950,1789535850,true,0.8,BTCUSDT
1789534980,1789535880,true,0.8,BTCUSDT
1789535010,1789535910,true,0.8,BTCUSDT
1789535040,1789535940,true,0.8,BTCUSDT
1789535070,1789535970,true,0.8,BTCUSDT
1789543170,1789544070,true,0.8,BTCUSDT
1789544940,1789545840,false,-1.0,BTCUSDT
1789572570,1789573470,true,0.8,BTCUSDT
1789572600,1789573500,true,0.8,BTCUSDT
1789572630,1789573530,true,0.8,BTCUSDT
1789657200,1789658100,false,-1.0,BTCUSDT
1789657230,1789658130,false,-1.0,BTCUSDT
1789657260,1789658160,false,-1.0,BTCUSDT
1789657290,1789658190,true,0.8,BTCUSDT
1789657320,1789658220,true,0.8,BTCUSDT
1789658100,1789659000,true,0.8,BTCUSDT
1789658130,1789659030,true,0.8,BTCUSDT
1789658160,1789659060,true,0.8,BTCUSDT
1789658190,1789659090,true,0.8,BTCUSDT
1789658220,1789659120,true,0.8,BTCUSDT
1789659000,1789659900,true,0.8,BTCUSDT
1789659030,1789659930,true,0.8,BTCUSDT
1789659060,1789659960,true,0.8,BTCUSDT
1789659090,1789659990,true,0.8,BTCUSDT
1789746330,1789747230,true,0.8,BTCUSDT
1789746360,1789747260,true,0.8,BTCUSDT
1789746480,1789747380,true,0.8,BTCUSDT
1789746510,1789747410,false,-1.0,BTCUSDT
1789746540,1789747440,true,0.8,BTCUSDT
1789764510,1789765410,false,-1.0,BTCUSDT
1789764540,1789765440,true,0.8,BTCUSDT
1789764570,1789765470,true,0.8,BTCUSDT
1789764600,1789765500,true,0.8,BTCUSDT
1789764630,1789765530,true,0.8,BTCUSDT
1789937250,1789938150,false,-1.0,BTCUSDT
1789975110,1789976010,false,-1.0,BTCUSDT
1789975140,1789976040,false,-1.0,BTCUSDT
1789975170,1789976070,false,-1.0,BTCUSDT
1789975200,1789976100,false,-1.0,BTCUSDT
1789975230,1789976130,false,-1.0,BTCUSDT
1789988400,1789989300,true,0.8,BTCUSDT
1789988460,1789989360,true,0.8,BTCUSDT
1789988490,1789989390,true,0.8,BTCUSDT
1789988520,1789989420,true,0.8,BTCUSDT
1789988580,1789989480,true,0.8,BTCUSDT
1790053350,1790054250,false,-1.0,BTCUSDT
1790053380,1790054280,false,-1.0,BTCUSDT
1790053410,1790054310,false,-1.0,BTCUSDT
1790053440,1790054340,false,-1.0,BTCUSDT
1790053470,1790054370,false,-1.0,BTCUSDT
1790054670,1790055570,true,0.8,BTCUSDT
1790054700,1790055600,true,0.8,BTCUSDT
1790054730,1790055630,true,0.8,BTCUSDT
1790054760,1790055660,true,0.8,BTCUSDT
1790054790,1790055690,true,0.8,BTCUSDT
1790055570,1790056470,true,0.8,BTCUSDT
1790055600,1790056500,true,0.8,BTCUSDT
1790055630,1790056530,true,0.8,BTCUSDT
1790055690,1790056590,true,0.8,BTCUSDT
1790055720,1790056620,true,0.8,BTCUSDT
1790075370,1790076270,true,0.8,BTCUSDT
1790075460,1790076360,true,0.8,BTCUSDT
1790075490,1790076390,true,0.8,BTCUSDT
1790075580,1790076480,true,0.8,BTCUSDT
1790089920,1790090820,true,0.8,BTCUSDT
1790107350,1790108250,true,0.8,BTCUSDT
1790107560,1790108460,true,0.8,BTCUSDT
1790107590,1790108490,true,0.8,BTCUSDT
1790107620,1790108520,true,0.8,BTCUSDT
1790107650,1790108550,true,0.8,BTCUSDT
1790142570,1790143470,false,-1.0,BTCUSDT
1790142600,1790143500,false,-1.0,BTCUSDT
1790142630,1790143530,true,0.8,BTCUSDT
1790142660,1790143560,true,0.8,BTCUSDT
1790142690,1790143590,false,-1.0,BTCUSDT
1790147220,1790148120,true,0.8,BTCUSDT
1790147580,1790148480,false,-1.0,BTCUSDT
1790149020,1790149920,false,-1.0,BTCUSDT
1790149050,1790149950,false,-1.0,BTCUSDT
1790149080,1790149980,false,-1.0,BTCUSDT
1790149110,1790150010,false,-1.0,BTCUSDT
1790149140,1790150040,false,-1.0,BTCUSDT
1790149920,1790150820,false,-1.0,BTCUSDT
1790149950,1790150850,false,-1.0,BTCUSDT
1790149980,1790150880,true,0.8,BTCUSDT
1790150010,1790150910,true,0.8,BTCUSDT
1790150040,1790150940,true,0.8,BTCUSDT
1790162940,1790163840,true,0.8,BTCUSDT
1790162970,1790163870,true,0.8,BTCUSDT
1790163000,1790163900,true,0.8,BTCUSDT
1790163030,1790163930,true,0.8,BTCUSDT
1790163060,1790163960,true,0.8,BTCUSDT
1790175600,1790176500,true,0.8,BTCUSDT
1790175630,1790176530,true,0.8,BTCUSDT
1790175660,1790176560,true,0.8,BTCUSDT
1790175690,1790176590,true,0.8,BTCUSDT
1790175720,1790176620,false,-1.0,BTCUSDT
1790178690,1790179590,true,0.8,BTCUSDT
1790178750,1790179650,true,0.8,BTCUSDT
1790178870,1790179770,true,0.8,BTCUSDT
1790178900,1790179800,true,0.8,BTCUSDT
1790178930,1790179830,true,0.8,BTCUSDT
1790262000,1790262900,true,0.8,BTCUSDT
1790262030,1790262930,true,0.8,BTCUSDT
1790262060,1790262960,true,0.8,BTCUSDT
1790262090,1790262990,true,0.8,BTCUSDT
1790262120,1790263020,true,0.8,BTCUSDT
1790262900,1790263800,true,0.8,BTCUSDT
1790262930,1790263830,true,0.8,BTCUSDT
1790262990,1790263890,true,0.8,BTCUSDT
1790263020,1790263920,true,0.8,BTCUSDT
1790263050,1790263950,true,0.8,BTCUSDT
1790263800,1790264700,true,0.8,BTCUSDT
1790263830,1790264730,true,0.8,BTCUSDT
1790263890,1790264790,true,0.8,BTCUSDT
1790263920,1790264820,true,0.8,BTCUSDT
1790263950,1790264850,true,0.8,BTCUSDT
1790280750,1790281650,false,-1.0,BTCUSDT
1790280780,1790281680,false,-1.0,BTCUSDT
1790280810,1790281710,false,-1.0,BTCUSDT
1790280840,1790281740,false,-1.0,BTCUSDT
1790280870,1790281770,true,0.8,BTCUSDT
1790283330,1790284230,true,0.8,BTCUSDT
1790283360,1790284260,true,0.8,BTCUSDT
1790320110,1790321010,true,0.8,BTCUSDT
1790320140,1790321040,true,0.8,BTCUSDT
1790320170,1790321070,true,0.8,BTCUSDT
1790320260,1790321160,true,0.8,BTCUSDT
1790320320,1790321220,true,0.8,BTCUSDT
1790336910,1790337810,true,0.8,BTCUSDT
1790336970,1790337870,true,0.8,BTCUSDT
1790337210,1790338110,true,0.8,BTCUSDT
1790337240,1790338140,true,0.8,BTCUSDT
1790337270,1790338170,true,0.8,BTCUSDT
1790350680,1790351580,false,-1.0,BTCUSDT
1790350710,1790351610,false,-1.0,BTCUSDT
1790350740,1790351640,false,-1.0,BTCUSDT
1790350770,1790351670,true,0.8,BTCUSDT
1790350800,1790351700,true,0.8,BTCUSDT
1790351580,1790352480,true,0.8,BTCUSDT
1790351670,1790352570,true,0.8,BTCUSDT
1790351700,1790352600,true,0.8,BTCUSDT
1790351730,1790352630,true,0.8,BTCUSDT
1790351790,1790352690,true,0.8,BTCUSDT
1790455680,1790456580,true,0.8,BTCUSDT
1790455740,1790456640,true,0.8,BTCUSDT
1790455770,1790456670,true,0.8,BTCUSDT
1790521350,1790522250,true,0.8,BTCUSDT
1790521380,1790522280,true,0.8,BTCUSDT
1790521410,1790522310,true,0.8,BTCUSDT
1790521440,1790522340,true,0.8,BTCUSDT
1790521470,1790522370,true,0.8,BTCUSDT
1790522850,1790523750,false,-1.0,BTCUSDT
1790522880,1790523780,false,-1.0,BTCUSDT
1790523060,1790523960,false,-1.0,BTCUSDT
1790523090,1790523990,false,-1.0,BTCUSDT
1790523120,1790524020,false,-1.0,BTCUSDT
1790572620,1790573520,false,-1.0,BTCUSDT
1790572650,1790573550,false,-1.0,BTCUSDT
1790572680,1790573580,false,-1.0,BTCUSDT
1790572710,1790573610,false,-1.0,BTCUSDT
1790572740,1790573640,false,-1.0,BTCUSDT
1790573520,1790574420,true,0.8,BTCUSDT
1790573550,1790574450,true,0.8,BTCUSDT
1790573910,1790574810,true,0.8,BTCUSDT
1790573940,1790574840,true,0.8,BTCUSDT
1790573970,1790574870,true,0.8,BTCUSDT
1790574420,1790575320,false,-1.0,BTCUSDT
1790574450,1790575350,false,-1.0,BTCUSDT
1790574810,1790575710,true,0.8,BTCUSDT
1790574840,1790575740,true,0.8,BTCUSDT
1790574870,1790575770,true,0.8,BTCUSDT
1790581170,1790582070,true,0.8,BTCUSDT
1790581260,1790582160,true,0.8,BTCUSDT
1790581290,1790582190,true,0.8,BTCUSDT
1790581320,1790582220,true,0.8,BTCUSDT
1790581350,1790582250,true,0.8,BTCUSDT
1790582280,1790583180,true,0.8,BTCUSDT
1790582370,1790583270,true,0.8,BTCUSDT
1790607600,1790608500,false,-1.0,BTCUSDT
1790607630,1790608530,false,-1.0,BTCUSDT
1790607660,1790608560,false,-1.0,BTCUSDT
1790607690,1790608590,false,-1.0,BTCUSDT
1790607720,1790608620,false,-1.0,BTCUSDT
1790608500,1790609400,true,0.8,BTCUSDT
1790608530,1790609430,true,0.8,BTCUSDT
1790608560,1790609460,true,0.8,BTCUSDT
1790608590,1790609490,true,0.8,BTCUSDT
1790608620,1790609520,true,0.8,BTCUSDT
1790609400,1790610300,true,0.8,BTCUSDT
1790609430,1790610330,true,0.8,BTCUSDT
1790609460,1790610360,true,0.8,BTCUSDT
1790609580,1790610480,true,0.8,BTCUSDT
1790609610,1790610510,true,0.8,BTCUSDT
1790625690,1790626590,true,0.8,BTCUSDT
1790625720,1790626620,true,0.8,BTCUSDT
1790625750,1790626650,true,0.8,BTCUSDT
1790625780,1790626680,true,0.8,BTCUSDT
1790625810,1790626710,true,0.8,BTCUSDT
1790660250,1790661150,true,0.8,BTCUSDT
1790660280,1790661180,true,0.8,BTCUSDT
1790680230,1790681130,true,0.8,BTCUSDT
1790680260,1790681160,true,0.8,BTCUSDT
1790680290,1790681190,true,0.8,BTCUSDT
1790680320,1790681220,true,0.8,BTCUSDT
1790680350,1790681250,true,0.8,BTCUSDT
1790694000,1790694900,false,-1.0,BTCUSDT
1790694030,1790694930,false,-1.0,BTCUSDT
1790694060,1790694960,false,-1.0,BTCUSDT
1790694090,1790694990,false,-1.0,BTCUSDT
1790694120,1790695020,false,-1.0,BTCUSDT
1790694900,1790695800,false,-1.0,BTCUSDT
1790694930,1790695830,false,-1.0,BTCUSDT
1790694960,1790695860,false,-1.0,BTCUSDT
1790694990,1790695890,false,-1.0,BTCUSDT
1790695020,1790695920,false,-1.0,BTCUSDT
1790695800,1790696700,true,0.8,BTCUSDT
1790695830,1790696730,true,0.8,BTCUSDT
1790695860,1790696760,true,0.8,BTCUSDT
1790695890,1790696790,true,0.8,BTCUSDT
1790695920,1790696820,true,0.8,BTCUSDT
1790696790,1790697690,true,0.8,BTCUSDT
1790696820,1790697720,false,-1.0,BTCUSDT
1790696850,1790697750,false,-1.0,BTCUSDT
1790696880,1790697780,false,-1.0,BTCUSDT
1790696910,1790697810,false,-1.0,BTCUSDT
1790751600,1790752500,true,0.8,BTCUSDT
1790751630,1790752530,true,0.8,BTCUSDT
1790751660,1790752560,true,0.8,BTCUSDT
1790751690,1790752590,true,0.8,BTCUSDT
1790751720,1790752620,true,0.8,BTCUSDT
1790780400,1790781300,true,0.8,BTCUSDT
1790780430,1790781330,true,0.8,BTCUSDT
1790780460,1790781360,true,0.8,BTCUSDT
1790780490,1790781390,true,0.8,BTCUSDT
1790780520,1790781420,true,0.8,BTCUSDT
1790781300,1790782200,true,0.8,BTCUSDT
1790781330,1790782230,true,0.8,BTCUSDT
1790781450,1790782350,true,0.8,BTCUSDT
1790781480,1790782380,true,0.8,BTCUSDT
1790781510,1790782410,true,0.8,BTCUSDT
1790798400,1790799300,true,0.8,BTCUSDT
1790798430,1790799330,true,0.8,BTCUSDT
1790798460,1790799360,true,0.8,BTCUSDT
1790798490,1790799390,true,0.8,BTCUSDT
1790798520,1790799420,true,0.8,BTCUSDT
1788361200,1788362100,false,-1.0,ETHUSDT
1788361230,1788362130,false,-1.0,ETHUSDT
1788361260,1788362160,false,-1.0,ETHUSDT
1788361350,1788362250,false,-1.0,ETHUSDT
1788361620,1788362520,false,-1.0,ETHUSDT
1788361650,1788362550,true,0.8,ETHUSDT
1788361680,1788362580,true,0.8,ETHUSDT
1788361710,1788362610,true,0.8,ETHUSDT
1788362100,1788363000,true,0.8,ETHUSDT
1788362130,1788363030,true,0.8,ETHUSDT
1788362160,1788363060,false,-1.0,ETHUSDT
1788362250,1788363150,true,0.8,ETHUSDT
1788362520,1788363420,true,0.8,ETHUSDT
1788362550,1788363450,true,0.8,ETHUSDT
1788362580,1788363480,true,0.8,ETHUSDT
1788362610,1788363510,true,0.8,ETHUSDT
1788364050,1788364950,false,-1.0,ETHUSDT
1788364080,1788364980,false,-1.0,ETHUSDT
1788364110,1788365010,false,-1.0,ETHUSDT
1788364140,1788365040,true,0.8,ETHUSDT
1788364170,1788365070,true,0.8,ETHUSDT
1788364200,1788365100,true,0.8,ETHUSDT
1788364230,1788365130,true,0.8,ETHUSDT
1788364260,1788365160,true,0.8,ETHUSDT
1788412950,1788413850,true,0.8,ETHUSDT
1788412980,1788413880,true,0.8,ETHUSDT
1788413010,1788413910,true,0.8,ETHUSDT
1788413040,1788413940,true,0.8,ETHUSDT
1788413070,1788413970,true,0.8,ETHUSDT
1788413100,1788414000,true,0.8,ETHUSDT
1788413130,1788414030,true,0.8,ETHUSDT
1788413160,1788414060,true,0.8,ETHUSDT
1788465900,1788466800,false,-1.0,ETHUSDT
1788468150,1788469050,true,0.8,ETHUSDT
1788468180,1788469080,true,0.8,ETHUSDT
1788534000,1788534900,true,0.8,ETHUSDT
1788534030,1788534930,true,0.8,ETHUSDT
1788534060,1788534960,true,0.8,ETHUSDT
1788534090,1788534990,true,0.8,ETHUSDT
1788534120,1788535020,true,0.8,ETHUSDT
1788534150,1788535050,true,0.8,ETHUSDT
1788534180,1788535080,true,0.8,ETHUSDT
1788534210,1788535110,true,0.8,ETHUSDT
1788678780,1788679680,true,0.8,ETHUSDT
1788678810,1788679710,true,0.8,ETHUSDT
1788678840,1788679740,true,0.8,ETHUSDT
1788678870,1788679770,true,0.8,ETHUSDT
1788678900,1788679800,true,0.8,ETHUSDT
1788678930,1788679830,false,-1.0,ETHUSDT
1788678960,1788679860,true,0.8,ETHUSDT
1788678990,1788679890,false,-1.0,ETHUSDT
1788706890,1788707790,true,0.8,ETHUSDT
1788706950,1788707850,true,0.8,ETHUSDT
1788706980,1788707880,true,0.8,ETHUSDT
1788707010,1788707910,true,0.8,ETHUSDT
1788707040,1788707940,true,0.8,ETHUSDT
1788707070,1788707970,true,0.8,ETHUSDT
1788707100,1788708000,true,0.8,ETHUSDT
1788707130,1788708030,true,0.8,ETHUSDT
1788752640,1788753540,true,0.8,ETHUSDT
1788752670,1788753570,false,-1.0,ETHUSDT
1788752700,1788753600,false,-1.0,ETHUSDT
1788752730,1788753630,true,0.8,ETHUSDT
1788752760,1788753660,false,-1.0,ETHUSDT
1788752790,1788753690,false,-1.0,ETHUSDT
1788752820,1788753720,false,-1.0,ETHUSDT
1788752850,1788753750,false,-1.0,ETHUSDT
1788766170,1788767070,false,-1.0,ETHUSDT
1788766200,1788767100,false,-1.0,ETHUSDT
1788766230,1788767130,false,-1.0,ETHUSDT
1788766260,1788767160,false,-1.0,ETHUSDT
1788766380,1788767280,true,0.8,ETHUSDT
1788766410,1788767310,true,0.8,ETHUSDT
1788766440,1788767340,true,0.8,ETHUSDT
1788766470,1788767370,true,0.8,ETHUSDT
1788767070,1788767970,true,0.8,ETHUSDT
1788767280,1788768180,true,0.8,ETHUSDT
1788767430,1788768330,true,0.8,ETHUSDT
1788795900,1788796800,true,0.8,ETHUSDT
1788795930,1788796830,true,0.8,ETHUSDT
1788795960,1788796860,true,0.8,ETHUSDT
1788795990,1788796890,true,0.8,ETHUSDT
1788796290,1788797190,true,0.8,ETHUSDT
1788796320,1788797220,false,-1.0,ETHUSDT
1788796350,1788797250,true,0.8,ETHUSDT
1788796380,1788797280,true,0.8,ETHUSDT
1788836850,1788837750,false,-1.0,ETHUSDT
1788836880,1788837780,false,-1.0,ETHUSDT
1788836910,1788837810,false,-1.0,ETHUSDT
1788836940,1788837840,false,-1.0,ETHUSDT
1788837030,1788837930,false,-1.0,ETHUSDT
1788837900,1788838800,true,0.8,ETHUSDT
1788837930,1788838830,true,0.8,ETHUSDT
1788837960,1788838860,true,0.8,ETHUSDT
1788837990,1788838890,true,0.8,ETHUSDT
1788838020,1788838920,true,0.8,ETHUSDT
1788838050,1788838950,true,0.8,ETHUSDT
1788838080,1788838980,true,0.8,ETHUSDT
1788838110,1788839010,true,0.8,ETHUSDT
1788865800,1788866700,true,0.8,ETHUSDT
1788865830,1788866730,true,0.8,ETHUSDT
1788865860,1788866760,true,0.8,ETHUSDT
1788932670,1788933570,true,0.8,ETHUSDT
1788932730,1788933630,true,0.8,ETHUSDT
1788932760,1788933660,true,0.8,ETHUSDT
1788932790,1788933690,true,0.8,ETHUSDT
1788932820,1788933720,true,0.8,ETHUSDT
1788932850,1788933750,true,0.8,ETHUSDT
1788932880,1788933780,true,0.8,ETHUSDT
1788932910,1788933810,true,0.8,ETHUSDT
1788966330,1788967230,false,-1.0,ETHUSDT
1788966360,1788967260,false,-1.0,ETHUSDT
1788966390,1788967290,false,-1.0,ETHUSDT
1788966420,1788967320,false,-1.0,ETHUSDT
1788966480,1788967380,false,-1.0,ETHUSDT
1788966660,1788967560,false,-1.0,ETHUSDT
1788966690,1788967590,false,-1.0,ETHUSDT
1788966720,1788967620,false,-1.0,ETHUSDT
1788967260,1788968160,true,0.8,ETHUSDT
1788967290,1788968190,true,0.8,ETHUSDT
1788967320,1788968220,true,0.8,ETHUSDT
1788967350,1788968250,true,0.8,ETHUSDT
1788967380,1788968280,true,0.8,ETHUSDT
1788967560,1788968460,true,0.8,ETHUSDT
1788967590,1788968490,true,0.8,ETHUSDT
1788967620,1788968520,true,0.8,ETHUSDT
1788968160,1788969060,true,0.8,ETHUSDT
1788968190,1788969090,false,-1.0,ETHUSDT
1788968220,1788969120,false,-1.0,ETHUSDT
1788968250,1788969150,false,-1.0,ETHUSDT
1788968280,1788969180,true,0.8,ETHUSDT
1788968460,1788969360,false,-1.0,ETHUSDT
1788968490,1788969390,false,-1.0,ETHUSDT
1788968520,1788969420,false,-1.0,ETHUSDT
1788969060,1788969960,true,0.8,ETHUSDT
1788969090,1788969990,true,0.8,ETHUSDT
1788984000,1788984900,true,0.8,ETHUSDT
1788984030,1788984930,true,0.8,ETHUSDT
1788984060,1788984960,true,0.8,ETHUSDT
1788984090,1788984990,false,-1.0,ETHUSDT
1788984120,1788985020,true,0.8,ETHUSDT
1788984210,1788985110,true,0.8,ETHUSDT
1788984240,1788985140,true,0.8,ETHUSDT
1788984270,1788985170,true,0.8,ETHUSDT
1788985080,1788985980,false,-1.0,ETHUSDT
1788985110,1788986010,true,0.8,ETHUSDT
1788985140,1788986040,false,-1.0,ETHUSDT
1788985170,1788986070,false,-1.0,ETHUSDT
1788985200,1788986100,true,0.8,ETHUSDT
1788985230,1788986130,true,0.8,ETHUSDT
1788985260,1788986160,true,0.8,ETHUSDT
1788985290,1788986190,true,0.8,ETHUSDT
1788986070,1788986970,false,-1.0,ETHUSDT
1789125120,1789126020,true,0.8,ETHUSDT
1789125150,1789126050,true,0.8,ETHUSDT
1789125240,1789126140,true,0.8,ETHUSDT
1789125270,1789126170,true,0.8,ETHUSDT
1789125330,1789126230,true,0.8,ETHUSDT
1789125360,1789126260,true,0.8,ETHUSDT
1789125390,1789126290,true,0.8,ETHUSDT
1789138800,1789139700,false,-1.0,ETHUSDT
1789138830,1789139730,true,0.8,ETHUSDT
1789138860,1789139760,true,0.8,ETHUSDT
1789138890,1789139790,true,0.8,ETHUSDT
1789138920,1789139820,true,0.8,ETHUSDT
1789138950,1789139850,true,0.8,ETHUSDT
1789138980,1789139880,true,0.8,ETHUSDT
1789139010,1789139910,true,0.8,ETHUSDT
1789141920,1789142820,false,-1.0,ETHUSDT
1789141980,1789142880,false,-1.0,ETHUSDT
1789142010,1789142910,true,0.8,ETHUSDT
1789142040,1789142940,true,0.8,ETHUSDT
1789142070,1789142970,true,0.8,ETHUSDT
1789142100,1789143000,true,0.8,ETHUSDT
1789142130,1789143030,true,0.8,ETHUSDT
1789142160,1789143060,true,0.8,ETHUSDT
1789158660,1789159560,true,0.8,ETHUSDT
1789158690,1789159590,true,0.8,ETHUSDT
1789158720,1789159620,true,0.8,ETHUSDT
1789158750,1789159650,true,0.8,ETHUSDT
1789158780,1789159680,true,0.8,ETHUSDT
1789158990,1789159890,false,-1.0,ETHUSDT
1789159740,1789160640,true,0.8,ETHUSDT
1789159830,1789160730,true,0.8,ETHUSDT
1789159860,1789160760,true,0.8,ETHUSDT
1789159890,1789160790,true,0.8,ETHUSDT
1789159920,1789160820,true,0.8,ETHUSDT
1789160040,1789160940,true,0.8,ETHUSDT
1789160070,1789160970,true,0.8,ETHUSDT
1789160190,1789161090,true,0.8,ETHUSDT
1789297200,1789298100,false,-1.0,ETHUSDT
1789297230,1789298130,false,-1.0,ETHUSDT
1789297320,1789298220,true,0.8,ETHUSDT
1789297350,1789298250,true,0.8,ETHUSDT
1789297710,1789298610,true,0.8,ETHUSDT
1789297740,1789298640,true,0.8,ETHUSDT
1789297770,1789298670,true,0.8,ETHUSDT
1789297920,1789298820,true,0.8,ETHUSDT
1789384020,1789384920,true,0.8,ETHUSDT
1789384050,1789384950,true,0.8,ETHUSDT
1789384080,1789384980,true,0.8,ETHUSDT
1789399890,1789400790,true,0.8,ETHUSDT
1789441350,1789442250,false,-1.0,ETHUSDT
1789441440,1789442340,false,-1.0,ETHUSDT
1789441470,1789442370,false,-1.0,ETHUSDT
1789441500,1789442400,false,-1.0,ETHUSDT
1789441530,1789442430,false,-1.0,ETHUSDT
1789441710,1789442610,false,-1.0,ETHUSDT
1789441740,1789442640,false,-1.0,ETHUSDT
1789441770,1789442670,false,-1.0,ETHUSDT
1789442400,1789443300,true,0.8,ETHUSDT
1789442430,1789443330,true,0.8,ETHUSDT
1789449270,1789450170,true,0.8,ETHUSDT
1789449300,1789450200,true,0.8,ETHUSDT
1789449330,1789450230,true,0.8,ETHUSDT
1789449360,1789450260,true,0.8,ETHUSDT
1789449390,1789450290,true,0.8,ETHUSDT
1789449420,1789450320,true,0.8,ETHUSDT
1789449450,1789450350,true,0.8,ETHUSDT
1789449480,1789450380,true,0.8,ETHUSDT
1789455750,1789456650,false,-1.0,ETHUSDT
1789455810,1789456710,false,-1.0,ETHUSDT
1789455840,1789456740,false,-1.0,ETHUSDT
1789455870,1789456770,false,-1.0,ETHUSDT
1789455900,1789456800,false,-1.0,ETHUSDT
1789455930,1789456830,true,0.8,ETHUSDT
1789455960,1789456860,true,0.8,ETHUSDT
1789455990,1789456890,false,-1.0,ETHUSDT
1789456650,1789457550,false,-1.0,ETHUSDT
1789459020,1789459920,false,-1.0,ETHUSDT
1789459050,1789459950,false,-1.0,ETHUSDT
1789484400,1789485300,true,0.8,ETHUSDT
1789484430,1789485330,true,0.8,ETHUSDT
1789484460,1789485360,true,0.8,ETHUSDT
1789484490,1789485390,true,0.8,ETHUSDT
1789484520,1789485420,true,0.8,ETHUSDT
1789484550,1789485450,true,0.8,ETHUSDT
1789484580,1789485480,true,0.8,ETHUSDT
1789484610,1789485510,true,0.8,ETHUSDT
1789485300,1789486200,true,0.8,ETHUSDT
1789485330,1789486230,true,0.8,ETHUSDT
1789485360,1789486260,true,0.8,ETHUSDT
1789485390,1789486290,true,0.8,ETHUSDT
1789485420,1789486320,true,0.8,ETHUSDT
1789485450,1789486350,true,0.8,ETHUSDT
1789485480,1789486380,true,0.8,ETHUSDT
1789485510,1789486410,true,0.8,ETHUSDT
1789503780,1789504680,true,0.8,ETHUSDT
1789657800,1789658700,true,0.8,ETHUSDT
1789657830,1789658730,true,0.8,ETHUSDT
1789657860,1789658760,true,0.8,ETHUSDT
1789657890,1789658790,true,0.8,ETHUSDT
1789657920,1789658820,true,0.8,ETHUSDT
1789657950,1789658850,true,0.8,ETHUSDT
1789657980,1789658880,true,0.8,ETHUSDT
1789658010,1789658910,true,0.8,ETHUSDT
1789658700,1789659600,true,0.8,ETHUSDT
1789658730,1789659630,true,0.8,ETHUSDT
1789658760,1789659660,true,0.8,ETHUSDT
1789658790,1789659690,true,0.8,ETHUSDT
1789658820,1789659720,true,0.8,ETHUSDT
1789658850,1789659750,true,0.8,ETHUSDT
1789658880,1789659780,true,0.8,ETHUSDT
1789658910,1789659810,true,0.8,ETHUSDT
1789730070,1789730970,true,0.8,ETHUSDT
1789730820,1789731720,true,0.8,ETHUSDT
1789730850,1789731750,true,0.8,ETHUSDT
1789730880,1789731780,true,0.8,ETHUSDT
1789730940,1789731840,true,0.8,ETHUSDT
1789730970,1789731870,true,0.8,ETHUSDT
1789731000,1789731900,true,0.8,ETHUSDT
1789731030,1789731930,true,0.8,ETHUSDT
1789873200,1789874100,true,0.8,ETHUSDT
1789873230,1789874130,false,-1.0,ETHUSDT
1789873260,1789874160,true,0.8,ETHUSDT
1789873290,1789874190,true,0.8,ETHUSDT
1789873320,1789874220,true,0.8,ETHUSDT
1789873350,1789874250,true,0.8,ETHUSDT
1789873380,1789874280,true,0.8,ETHUSDT
1789873410,1789874310,true,0.8,ETHUSDT
1789874100,1789875000,true,0.8,ETHUSDT
1789874130,1789875030,true,0.8,ETHUSDT
1789874160,1789875060,true,0.8,ETHUSDT
1789874190,1789875090,true,0.8,ETHUSDT
1789874220,1789875120,true,0.8,ETHUSDT
1789874250,1789875150,true,0.8,ETHUSDT
1789874280,1789875180,true,0.8,ETHUSDT
1789874310,1789875210,true,0.8,ETHUSDT
1789875000,1789875900,false,-1.0,ETHUSDT
1789875030,1789875930,false,-1.0,ETHUSDT
1789875060,1789875960,false,-1.0,ETHUSDT
1789875090,1789875990,false,-1.0,ETHUSDT
1789875120,1789876020,false,-1.0,ETHUSDT
1789875150,1789876050,false,-1.0,ETHUSDT
1789875180,1789876080,false,-1.0,ETHUSDT
1789875210,1789876110,false,-1.0,ETHUSDT
1789875960,1789876860,true,0.8,ETHUSDT
1789875990,1789876890,true,0.8,ETHUSDT
1789876020,1789876920,true,0.8,ETHUSDT
1789876050,1789876950,true,0.8,ETHUSDT
1789975080,1789975980,false,-1.0,ETHUSDT
1789975140,1789976040,false,-1.0,ETHUSDT
1789975170,1789976070,false,-1.0,ETHUSDT
1789975500,1789976400,false,-1.0,ETHUSDT
1789975530,1789976430,false,-1.0,ETHUSDT
1789975830,1789976730,false,-1.0,ETHUSDT
1789975860,1789976760,false,-1.0,ETHUSDT
1789975890,1789976790,false,-1.0,ETHUSDT
1789975980,1789976880,true,0.8,ETHUSDT
1789976040,1789976940,true,0.8,ETHUSDT
1789976070,1789976970,true,0.8,ETHUSDT
1789976850,1789977750,true,0.8,ETHUSDT
1789976880,1789977780,true,0.8,ETHUSDT
1790046660,1790047560,true,0.8,ETHUSDT
1790046690,1790047590,true,0.8,ETHUSDT
1790046840,1790047740,true,0.8,ETHUSDT
1790046960,1790047860,true,0.8,ETHUSDT
1790046990,1790047890,true,0.8,ETHUSDT
1790047020,1790047920,true,0.8,ETHUSDT
1790048220,1790049120,false,-1.0,ETHUSDT
1790053440,1790054340,false,-1.0,ETHUSDT
1790053470,1790054370,false,-1.0,ETHUSDT
1790054280,1790055180,false,-1.0,ETHUSDT
1790054310,1790055210,true,0.8,ETHUSDT
1790054340,1790055240,true,0.8,ETHUSDT
1790054370,1790055270,true,0.8,ETHUSDT
1790054400,1790055300,true,0.8,ETHUSDT
1790054430,1790055330,true,0.8,ETHUSDT
1790054460,1790055360,false,-1.0,ETHUSDT
1790054490,1790055390,false,-1.0,ETHUSDT
1790055180,1790056080,true,0.8,ETHUSDT
1790089860,1790090760,true,0.8,ETHUSDT
1790089920,1790090820,true,0.8,ETHUSDT
1790090010,1790090910,true,0.8,ETHUSDT
1790142570,1790143470,false,-1.0,ETHUSDT
1790142600,1790143500,false,-1.0,ETHUSDT
1790142630,1790143530,false,-1.0,ETHUSDT
1790142660,1790143560,false,-1.0,ETHUSDT
1790142690,1790143590,false,-1.0,ETHUSDT
1790142720,1790143620,false,-1.0,ETHUSDT
1790142750,1790143650,false,-1.0,ETHUSDT
1790142780,1790143680,false,-1.0,ETHUSDT
1790148930,1790149830,true,0.8,ETHUSDT
1790148990,1790149890,true,0.8,ETHUSDT
1790149080,1790149980,false,-1.0,ETHUSDT
1790149110,1790150010,true,0.8,ETHUSDT
1790149140,1790150040,true,0.8,ETHUSDT
1790149170,1790150070,true,0.8,ETHUSDT
1790149200,1790150100,true,0.8,ETHUSDT
1790149230,1790150130,true,0.8,ETHUSDT
1790175600,1790176500,true,0.8,ETHUSDT
1790175630,1790176530,true,0.8,ETHUSDT
1790175660,1790176560,true,0.8,ETHUSDT
1790175690,1790176590,true,0.8,ETHUSDT
1790175720,1790176620,false,-1.0,ETHUSDT
1790175750,1790176650,false,-1.0,ETHUSDT
1790175780,1790176680,true,0.8,ETHUSDT
1790175810,1790176710,true,0.8,ETHUSDT
1790178810,1790179710,true,0.8,ETHUSDT
1790178840,1790179740,true,0.8,ETHUSDT
1790178870,1790179770,true,0.8,ETHUSDT
1790178900,1790179800,true,0.8,ETHUSDT
1790178930,1790179830,true,0.8,ETHUSDT
1790178960,1790179860,true,0.8,ETHUSDT
1790178990,1790179890,true,0.8,ETHUSDT
1790179020,1790179920,true,0.8,ETHUSDT
1790262000,1790262900,true,0.8,ETHUSDT
1790262150,1790263050,true,0.8,ETHUSDT
1790263560,1790264460,true,0.8,ETHUSDT
1790263650,1790264550,true,0.8,ETHUSDT
1790263680,1790264580,true,0.8,ETHUSDT
1790263710,1790264610,true,0.8,ETHUSDT
1790263740,1790264640,true,0.8,ETHUSDT
1790263770,1790264670,true,0.8,ETHUSDT
1790263800,1790264700,true,0.8,ETHUSDT
1790263830,1790264730,true,0.8,ETHUSDT
1790350680,1790351580,false,-1.0,ETHUSDT
1790350710,1790351610,false,-1.0,ETHUSDT
1790350740,1790351640,false,-1.0,ETHUSDT
1790350770,1790351670,false,-1.0,ETHUSDT
1790350800,1790351700,true,0.8,ETHUSDT
1790350890,1790351790,true,0.8,ETHUSDT
1790350920,1790351820,true,0.8,ETHUSDT
1790350950,1790351850,true,0.8,ETHUSDT
1790351580,1790352480,true,0.8,ETHUSDT
1790351610,1790352510,true,0.8,ETHUSDT
1790351640,1790352540,true,0.8,ETHUSDT
1790351670,1790352570,true,0.8,ETHUSDT
1790351700,1790352600,true,0.8,ETHUSDT
1790351790,1790352690,true,0.8,ETHUSDT
1790351820,1790352720,true,0.8,ETHUSDT
1790455620,1790456520,true,0.8,ETHUSDT
1790455650,1790456550,true,0.8,ETHUSDT
1790455680,1790456580,true,0.8,ETHUSDT
1790455710,1790456610,true,0.8,ETHUSDT
1790455740,1790456640,true,0.8,ETHUSDT
1790455770,1790456670,true,0.8,ETHUSDT
1790455800,1790456700,true,0.8,ETHUSDT
1790521350,1790522250,true,0.8,ETHUSDT
1790521380,1790522280,true,0.8,ETHUSDT
1790521410,1790522310,true,0.8,ETHUSDT
1790521440,1790522340,true,0.8,ETHUSDT
1790521470,1790522370,true,0.8,ETHUSDT
1790521500,1790522400,true,0.8,ETHUSDT
1790521530,1790522430,true,0.8,ETHUSDT
1790521560,1790522460,true,0.8,ETHUSDT
1790573940,1790574840,true,0.8,ETHUSDT
1790573970,1790574870,true,0.8,ETHUSDT
1790574000,1790574900,true,0.8,ETHUSDT
1790574030,1790574930,true,0.8,ETHUSDT
1790574060,1790574960,true,0.8,ETHUSDT
1790574090,1790574990,true,0.8,ETHUSDT
1790574120,1790575020,true,0.8,ETHUSDT
1790574180,1790575080,true,0.8,ETHUSDT
1790607600,1790608500,false,-1.0,ETHUSDT
1790607630,1790608530,false,-1.0,ETHUSDT
1790607660,1790608560,false,-1.0,ETHUSDT
1790607690,1790608590,false,-1.0,ETHUSDT
1790607720,1790608620,false,-1.0,ETHUSDT
1790607750,1790608650,false,-1.0,ETHUSDT
1790607870,1790608770,false,-1.0,ETHUSDT
1790607990,1790608890,false,-1.0,ETHUSDT
1790608500,1790609400,true,0.8,ETHUSDT
1790608530,1790609430,true,0.8,ETHUSDT
1790608560,1790609460,true,0.8,ETHUSDT
1790608590,1790609490,true,0.8,ETHUSDT
1790608620,1790609520,true,0.8,ETHUSDT
1790608650,1790609550,true,0.8,ETHUSDT
1790608770,1790609670,true,0.8,ETHUSDT
1790608890,1790609790,true,0.8,ETHUSDT
1790625780,1790626680,true,0.8,ETHUSDT
1790625810,1790626710,true,0.8,ETHUSDT
1790694000,1790694900,false,-1.0,ETHUSDT
1790694030,1790694930,false,-1.0,ETHUSDT
1790694060,1790694960,false,-1.0,ETHUSDT
1790694090,1790694990,false,-1.0,ETHUSDT
1790694120,1790695020,false,-1.0,ETHUSDT
1790694150,1790695050,false,-1.0,ETHUSDT
1790694180,1790695080,false,-1.0,ETHUSDT
1790694210,1790695110,false,-1.0,ETHUSDT
1790694900,1790695800,false,-1.0,ETHUSDT
1790694930,1790695830,false,-1.0,ETHUSDT
1790694960,1790695860,false,-1.0,ETHUSDT
1790694990,1790695890,false,-1.0,ETHUSDT
1790695020,1790695920,false,-1.0,ETHUSDT
1790695050,1790695950,false,-1.0,ETHUSDT
1790695080,1790695980,false,-1.0,ETHUSDT
1790695110,1790696010,false,-1.0,ETHUSDT
1790695800,1790696700,true,0.8,ETHUSDT
1790695830,1790696730,true,0.8,ETHUSDT
1790695860,1790696760,true,0.8,ETHUSDT
1790695890,1790696790,false,-1.0,ETHUSDT
1790695920,1790696820,true,0.8,ETHUSDT
1790695950,1790696850,true,0.8,ETHUSDT
1790695980,1790696880,true,0.8,ETHUSDT
1790696010,1790696910,true,0.8,ETHUSDT
1790696700,1790697600,false,-1.0,ETHUSDT
1790696730,1790697630,false,-1.0,ETHUSDT
1790696760,1790697660,false,-1.0,ETHUSDT
1790696790,1790697690,false,-1.0,ETHUSDT
1790696820,1790697720,false,-1.0,ETHUSDT
1790696850,1790697750,false,-1.0,ETHUSDT
1790696880,1790697780,false,-1.0,ETHUSDT
1790696910,1790697810,false,-1.0,ETHUSDT
